claim_id,material_claim,scope,theorem_or_argument,implementation_or_test,experiment_or_source,paper_location,raw_evidence,maturity,fresh_recheck
T1,Layered gate values equal the stated bounded derivability recurrence,Any validated finite trace/closed certificate,paper Lemma 1; proofs/arguments.md Section 2,src/survival.py compile/evaluate; semantic unit tests,unit tests,"Section V, Lemma 1",proofs/arguments.md,proved,paper/code rechecked; 79 tests pass
T2,Every true generic root reconstructs and rechecks an ordinary resolution proof over exact target identifier/body pairs,Any admitted trace/closed certificate,paper soundness theorem; proofs/arguments.md Section 3,src/survival.py reconstruct; src/certificates.py verify,all positive generic campaigns,Section V,results/survival/survival-summary.json; results/all-subsets/all-subsets-summary.json; results/threevar/three-var-summary.json,proved and finite-checked,16003 + 10787 + 4769 closed witnesses plus compactness and fixtures replayed
T3,Closed empty root is true iff the exact retained-source subset is UNSAT,Finite non-tautological resolution-closed universe with complete oriented schemas and adequate depth,paper saturation lemma and closed exactness theorem; proofs/arguments.md Section 4,closed admission checker; omitted axiom/resolvent/schema/depth rejection tests,complete two- and three-variable families,Section V,results/survival; results/all-subsets; results/threevar,proved and complete finite-checked,zero closed misses or oracle mismatches in declared complete families
T4,Horn root is true iff the exact retained Horn subset is UNSAT,Canonical Horn source; exact identity/body retention,paper Horn exactness theorem; proofs/arguments.md Section 5,src/horn.py; src/horn_oracle.py; test_horn.py,complete Horn family and scale graphs,Sections IV-VII,results/horn/horn-summary.json; results/horn/horn-exhaustive.csv; results/horn/horn-scale-queries.csv,proved and finite-checked,9921 complete pairs and 560 scale queries; zero oracle mismatch; all 846 complete-family positives replayed
T5,Acyclic Horn dependencies compile exactly in one topological pass with the stated linear gate/edge formulas,Horn dependency DAG,paper Horn size proposition; proofs/arguments.md Section 6,src/horn.py preallocation and exact formula assertions; size tests,five scale graphs,Sections IV and VII,results/horn/horn-summary.json; results/claim-audit/claim-audit.json,proved and implementation-tested,largest 4128 atoms/16420 clauses -> 36937 gates and 65580 edges
T6,Changed-leaf fanout reevaluation equals full evaluation,Previously correct state from the same circuit,paper update theorem; proofs/arguments.md Section 7,generic and Horn update paths; sequential/cross-circuit tests,all complete and scale queries,Section V,results/depth; results/horn; result audit,proved and finite-checked,zero mismatches on 19182 + 19683 + 25772 + 9921 + 560 queries
T7,Returned false-root cut is sufficient while all named leaves remain false,Fixed validated circuit; no minimum or necessity claim,paper cut theorem; proofs/arguments.md Section 8,generic/Horn blocking-cut implementations; exhaustive sufficiency tests,unit and contract cases,Section V,tests/test_survival.py; tests/test_horn.py,proved and tested,all cut tests pass
T8,Generic circuit has exactly n+(d+1)m+ds gates and n+dm+3ds edges,Any admitted generic certificate,paper size proposition; proofs/arguments.md Section 6,src/survival.py preallocation; formula tests,all retained circuit summaries,Section IV,results/claim-audit/claim-audit.json,proved and implementation-tested,independently rederived from serialized statistics
T9,Duplicate-unit family has 2^k minimal supports and polynomial generic circuit,Constructed duplicate-unit family only,paper compactness proposition; proofs/arguments.md Section 9,compactness producer/checker and tests,"k=2,4,8,12,16,24,32,48,64",Sections V and VII,results/compactness/compactness-summary.json,counting proof plus bounded checks,"k=64: 2^64 supports, 25155 gates; 4532 positive and 171 negative checks"
T10,No old-only predicate can be sound and complete for arbitrary clause-adding targets,Predicate depends only on old retained leaves and pre-edit admitted consequences,paper old-only barrier proposition; proofs/arguments.md Section 10,addition-reestablishes-conflict fixture,paired targets with identical old evidence,Section V,proofs/arguments.md; results/survival-contracts/survival-contract-summary.json,proved; finite illustration,no whole-target completeness claim remains
E1,One selected proof is incomplete for retained-source reuse,Complete two- and three-variable families,ordinary support baseline,survival and three-variable probes,complete bounded enumeration,Section VII,results/survival/survival-edits.csv; results/threevar/three-var-deletions.csv,measured complete finite result,2319 + 87 misses recovered
E2,All two-variable source/deletion pairs agree with exact oracle,Every T subset S over nine-clause universe,closed theorem instantiated; 3^9 coverage,src/all_subset_probe.py; row audit,19683 pairs,Section VI-VII,results/all-subsets,complete finite result,10787 positive witnesses; zero mismatch
E3,Complete small Horn family agrees with independent oracle and replay,All sources size 0-3 over 20 Horn clauses and every deletion subset,Horn theorem instantiated,src/horn_probe.py; horn_oracle.py; result audit,1351 sources; 9921 pairs,Sections VI-VII,results/horn/horn-exhaustive.csv,complete finite result,846 positives; three selected-proof misses; zero mismatch
E4,"Acyclic Horn scale circuits remain exact under deletion, restoration, replacement, and addition streams",Five deterministic generated contract graphs,Horn theorem instantiated,src/horn_probe.py; independent oracle; full/update comparison,560 fixed queries,Section VII,results/horn/horn-scale-queries.csv; horn-summary.json,deterministic generated-scale result,528 positives; selected proof accepts 13; exact Horn recovers 515; zero mismatch
E5,Unrestricted stale RAT transport can be unsafe,Bounded two-variable single-addition probe,counterexample argument,src/rat_probe.py,52020 later contexts,Section VII,results/rat/rat-summary.json,finite negative control,180 unsafe imports; no general incremental RAT claim
E6,Selector guarded formulas project to selected public formulas,Complete two-variable active-set family,standard selector equivalence,src/activation_probe.py,1048576 assignments,Section VII,results/selectors/selector-summary.json,complete finite control,zero projection failures
I1,Principal reported counts and size identities are independently recomputed from rows,Bundled CSV/JSON evidence,separate aggregation invariants,src/result_audit.py; tamper tests,12 result families,Section VI,results/claim-audit/claim-audit.json,integrity control,12 checks; missing Horn row and corrupted Horn gate count both rejected
I2,"Reference inventory is unique, cited, and canonically located",Final manuscript bibliography,reference audit contract,paper/preflight.py; tests/test_reference_audit.py,63 bibliography/audit rows,Related work and build preflight,reference_audit.csv; paper/preflight-report.json,bibliographic integrity control,63 cited; 60 DOI + 3 official archives; no nocite
R1,Fresh reproduction regenerates and matches all retained semantic files,Bundled standard-library artifact,reproduction protocol,reproduce.py,14 children; 79 tests; 26 files; 12 families,Artifact availability,results/checks/reproduction.json; results/resource-usage.json,reproduced,four-worker runner completed 2026-09-20; all exits zero
V1,"Claims exclude industrial SAT speedup, real RTL/firmware/device correctness, persistent-cache security, and acceptance",Entire project,explicit nonclaims and validity threats,README; paper limitations; CURRENT-STATE,not applicable,Section VIII and state files,paper/main.tex; CURRENT-STATE.md,scope boundary,reviewed and retained
